0,00:04:56:20:66:90
1,00:04:56:23:78:73
2,00:04:56:23:78:85
3,00:04:56:23:78:97
4,00:04:56:23:78:9D
5,00:04:56:23:78:B8
6,00:04:56:23:78:CD
7,00:04:56:23:78:D0
8,00:04:56:23:78:F7
9,00:04:56:23:78:FA
10,00:04:56:23:79:00
11,00:04:56:23:79:03
12,00:04:56:23:79:24
13,00:04:56:23:79:60
14,00:04:56:23:79:6F
15,00:04:56:23:79:78
16,00:04:56:23:79:B4
17,00:04:56:23:79:C6
18,00:04:56:23:79:CF
19,00:04:56:23:79:D5
20,00:04:56:23:7A:0B
21,00:04:56:23:7A:20
22,00:04:56:23:7A:95
23,00:04:56:23:7A:B0
24,00:04:56:23:7A:DA
25,00:04:56:23:7A:E0
26,00:04:56:23:7A:EC
27,00:04:56:23:7B:01
28,00:04:56:23:7B:04
29,00:04:56:23:7B:07
30,00:04:56:23:7B:19
31,00:04:56:23:7B:22
32,00:04:56:23:7B:67
33,00:04:56:23:7B:76
34,00:04:56:23:7B:79
35,00:04:56:23:7B:7C
36,00:04:56:23:7B:97
37,00:04:56:23:7B:AC
38,00:04:56:23:7B:AF
39,00:04:56:23:7B:CA
40,00:04:56:23:7B:DF
41,00:04:56:23:7C:06
42,00:04:56:23:7C:09
43,00:04:56:23:7C:1E
44,00:04:56:23:7C:27
45,00:04:56:23:7C:2D
46,00:04:56:23:7C:30
47,00:04:56:23:7C:33
48,00:04:56:23:7C:3C
49,00:04:56:23:7C:3F
50,00:04:56:23:7C:42
51,00:04:56:23:7C:48
52,00:04:56:23:7C:54
53,00:04:56:23:7C:57
54,00:04:56:23:7C:5A
55,00:04:56:23:7C:63
56,00:04:56:23:7C:6C
57,00:04:56:23:7C:72
58,00:04:56:23:7C:78
59,00:04:56:23:7C:81
60,00:04:56:23:7C:B7
61,00:04:56:23:7C:BA
62,00:04:56:23:7C:BD
63,00:04:56:23:7C:F0
64,00:04:56:23:7D:0B
65,00:04:56:23:7D:53
66,00:04:56:23:7D:59
67,00:04:56:23:7D:5F
68,00:04:56:23:7D:7A
69,00:04:56:23:7D:A4
70,00:04:56:23:7D:AA
71,00:04:56:23:7D:B9
72,00:04:56:23:7D:E0
73,00:04:56:23:7D:F2
74,00:04:56:23:7E:01
75,00:04:56:23:7E:10
76,00:04:56:23:7E:19
77,00:04:56:23:7E:2E
78,00:04:56:23:7E:31
79,00:04:56:23:7E:34
80,00:04:56:23:7E:49
81,00:04:56:23:7E:4C
82,00:04:56:23:7E:5E
83,00:04:56:23:7E:A0
84,00:04:56:23:7E:A6
85,00:04:56:23:7E:C1
86,00:04:56:28:5A:6E
87,00:04:56:28:FD:08
88,00:04:56:60:17:54
89,00:04:56:60:1C:40
90,00:04:56:60:30:B2
91,00:04:56:E0:40:1A
92,00:04:56:E0:43:EA
93,00:04:56:E0:5B:2E
94,00:04:56:E0:85:E8
95,00:04:56:E0:89:9A
96,00:04:56:E0:90:16
97,00:04:56:E0:93:8C
98,00:04:56:E0:93:8E
99,00:04:56:E0:93:9A
100,00:04:56:E0:99:26
101,00:04:56:E0:99:30
102,00:04:56:E0:9A:62
103,00:04:56:E0:9B:EC
104,00:04:56:E0:9D:16
105,00:04:56:E0:A9:DE
106,00:04:56:E1:CB:10
107,00:04:56:E1:D6:16
108,00:04:56:E2:9B:1E
109,00:04:56:E2:B0:70
110,00:04:56:E2:B2:F2
111,00:04:56:E2:BC:D2
112,00:04:56:E2:C0:90
113,00:04:56:E2:C1:D0
114,00:04:56:E2:C2:BE
115,00:04:56:E2:C2:FE
116,00:04:56:E2:C3:0C
117,00:04:56:E2:C3:2A
118,00:04:56:E2:C5:50
119,00:04:56:E2:C5:54
120,00:04:56:E2:C9:B8
121,00:04:56:E4:3A:E2
122,00:04:56:E4:3C:32
123,00:04:56:E4:3C:38
124,00:04:56:E4:3F:8C
125,00:04:56:E4:4A:A8
126,00:04:56:E4:4C:AA
127,00:04:56:E4:4D:92
128,00:04:56:E4:55:9C
129,00:04:56:E4:56:06
130,00:04:56:E4:56:08
131,00:04:56:E4:57:DA
132,00:04:56:E4:58:E6
133,00:04:56:E4:58:F6
134,00:04:56:E4:58:F8
135,00:04:56:E5:16:CC
136,00:04:56:E5:16:CE
137,00:04:56:E5:18:72
138,00:04:56:E5:18:7C
139,00:04:56:E5:18:D8
140,00:04:56:E5:20:02
141,00:04:56:E5:68:EC
142,00:04:56:E5:72:2E
143,00:04:56:E5:85:36
144,00:04:56:E5:89:F0
145,00:04:56:E5:8B:52
146,00:04:56:E6:63:F0
147,00:04:56:E6:9B:5C
148,00:04:56:E6:9B:9C
149,00:04:56:E6:A1:E4
150,00:04:56:E9:30:46
151,00:04:56:EA:96:54
152,00:04:56:EA:96:CC
153,00:04:56:EA:9D:3C
154,00:04:56:EA:9D:66
155,00:04:56:EA:9D:9A
156,00:04:56:EA:9D:BA
157,00:04:56:EA:9E:06
158,00:04:56:EA:9E:7E
159,00:04:56:EA:9E:A4
160,00:04:56:EA:9E:AE
161,00:04:56:EA:A0:74
162,00:04:56:EF:D2:BC
163,00:04:56:EF:D2:DA
164,00:04:56:EF:D2:F0
165,00:04:56:EF:D5:92
166,00:04:56:EF:D5:B8
167,00:04:56:EF:D5:DE
168,00:04:56:EF:D5:EE
169,00:04:56:EF:D6:9E
170,00:04:56:EF:D6:AA
171,00:04:56:EF:D6:C8
172,00:04:56:EF:D6:D2
173,00:04:56:F0:08:2E
174,00:04:56:F0:0B:86
175,00:04:56:F0:11:04
176,00:04:56:F0:11:0A
177,00:04:56:F0:17:7A
178,00:04:56:F1:55:AC
179,00:04:56:F1:76:02
180,00:04:56:F1:78:C2
181,00:04:56:F1:7C:04
182,00:04:56:F1:7C:74
183,00:04:56:F1:7C:C2
184,00:04:56:F1:7D:C4
185,00:04:56:F1:7E:B8
186,00:04:56:F1:7F:20
187,00:04:56:F1:7F:8A
188,00:04:56:F1:7F:F4
189,00:04:56:F2:23:BE
190,00:04:56:F2:32:5A
191,00:04:56:F2:32:62
192,00:04:56:F2:35:44
193,00:04:56:F2:38:E4
194,00:04:56:F2:3C:88
195,00:04:56:F2:44:3C
196,00:04:56:F2:44:9E
197,00:04:56:F2:44:D0
198,00:04:56:F2:45:BE
199,00:04:56:F2:47:0E
200,00:04:56:F2:47:54
201,00:04:56:F2:47:B8
202,00:04:56:F2:47:FE
203,00:04:56:F2:48:08
204,00:04:56:F2:4A:04
205,00:04:56:F2:4B:C4
206,00:04:56:F2:4C:30
207,00:04:56:F2:4C:FA
208,00:04:56:F2:4E:00
209,00:04:56:F2:52:CA
210,00:04:56:F2:52:D6
211,00:04:56:F2:55:76
212,00:04:56:F2:56:0E
213,00:04:56:F2:57:06
214,00:04:56:F2:57:34
215,00:04:56:F2:57:46
216,00:04:56:F2:57:9E
217,00:04:56:F2:59:00
218,00:04:56:F4:2A:50
219,00:04:56:F4:38:22
220,00:04:56:F4:3A:90
221,00:04:56:F4:F7:0C
222,00:04:56:F4:F7:4C
223,00:04:56:F4:F7:7A
224,00:04:56:F4:F8:04
225,00:04:56:F4:F8:08
226,00:04:56:F4:F8:3C
227,00:04:56:F4:F8:44
228,00:04:56:F4:F8:84
229,00:04:56:F5:35:4E
230,00:04:56:F5:39:F4
231,00:04:56:F5:39:FA
232,00:04:56:FE:05:76
233,00:04:56:FF:AB:58
234,00:04:56:FF:B0:3E
235,00:04:56:FF:B6:B2
236,00:04:56:FF:FF:FF
237,00:27:22:DF:E3:89
238,24:A4:3C:8B:C3:A3
239,24:A4:3C:E5:5D:5C
240,24:A4:3C:E5:65:32
241,44:D9:E7:57:7C:FF
242,44:D9:E7:6D:81:0C
243,44:D9:E7:6D:81:0F
244,44:D9:E7:B9:8B:09
245,44:D9:E7:D9:D1:26
246,4C:5E:0C:5E:72:E6
247,4C:5E:0C:DB:C6:3C
248,4C:5E:0C:DF:1C:54
249,4C:5E:0C:F9:8B:5E
250,4C:5E:0C:F9:8E:EE
251,4C:5E:0C:FE:90:3E
252,4C:5E:0C:FE:92:10
253,58:C1:7A:40:9A:EE
254,58:C1:7A:40:A4:5A
255,58:C1:7A:43:80:20
256,58:C1:7A:43:84:62
257,58:C1:7A:45:2D:B6
258,58:C1:7A:45:2F:86
259,58:C1:7A:45:39:A2
260,58:C1:7A:45:3A:EC
261,58:C1:7A:45:4A:D2
262,58:C1:7A:45:4E:2A
263,58:C1:7A:45:4F:3A
264,58:C1:7A:45:C4:DC
265,58:C1:7A:45:C5:6A
266,58:C1:7A:45:CA:98
267,58:C1:7A:45:D1:1E
268,58:C1:7A:45:DE:AE
269,58:C1:7A:45:DF:42
270,58:C1:7A:45:DF:82
271,58:C1:7A:45:DF:A2
272,58:C1:7A:45:DF:CC
273,58:C1:7A:45:E1:52
274,58:C1:7A:45:E1:B2
275,58:C1:7A:45:E2:4E
276,58:C1:7A:45:E2:52
277,58:C1:7A:45:E2:E2
278,58:C1:7A:45:E3:82
279,58:C1:7A:45:E3:9A
280,58:C1:7A:45:E4:A2
281,58:C1:7A:45:E5:84
282,58:C1:7A:45:E5:92
283,58:C1:7A:45:E5:AC
284,58:C1:7A:45:E6:8E
285,58:C1:7A:45:E6:CE
286,58:C1:7A:45:E6:D2
287,58:C1:7A:45:E6:EA
288,58:C1:7A:45:E7:2C
289,58:C1:7A:45:E8:1E
290,58:C1:7A:45:E8:76
291,58:C1:7A:45:E8:A4
292,58:C1:7A:45:E8:A8
293,58:C1:7A:45:E8:C6
294,58:C1:7A:45:E8:DE
295,58:C1:7A:45:E9:00
296,58:C1:7A:45:E9:30
297,58:C1:7A:47:80:94
298,58:C1:7A:47:81:46
299,58:C1:7A:47:82:C4
300,58:C1:7A:47:83:0A
301,58:C1:7A:47:83:92
302,58:C1:7A:47:83:A4
303,58:C1:7A:47:84:CE
304,58:C1:7A:47:85:5A
305,58:C1:7A:47:86:E0
306,58:C1:7A:47:86:EE
307,58:C1:7A:47:87:10
308,58:C1:7A:47:89:12
309,58:C1:7A:47:8E:9C
310,58:C1:7A:47:9C:D0
311,58:C1:7A:47:9D:50
312,58:C1:7A:47:9D:EA
313,58:C1:7A:47:9E:F6
314,58:C1:7A:48:84:BC
315,58:C1:7A:48:86:BC
316,58:C1:7A:48:B0:D0
317,58:C1:7A:48:B3:6C
318,58:C1:7A:48:B4:CC
319,58:C1:7A:48:B4:CE
320,58:C1:7A:4A:6B:E6
321,58:C1:7A:4A:74:FC
322,58:C1:7A:4A:80:D8
323,58:C1:7A:4A:DB:A2
324,58:C1:7A:4A:DC:CA
325,58:C1:7A:4A:DE:20
326,58:C1:7A:4A:DF:0A
327,58:C1:7A:4D:08:CC
328,58:C1:7A:4D:0B:14
329,58:C1:7A:4D:0C:84
330,58:C1:7A:4D:0E:A0
331,58:C1:7A:4D:1C:EA
332,58:C1:7A:4D:1E:32
333,58:C1:7A:4D:22:9C
334,80:2A:A8:6B:02:97
335,80:2A:A8:6B:08:2C
336,80:2A:A8:6D:A1:96
337,80:2A:A8:6D:A2:69
338,80:2A:A8:6D:A3:6A
339,80:2A:A8:7F:4C:B5
340,80:2A:A8:7F:5C:0A
341,80:2A:A8:AF:7B:EA
342,80:2A:A8:AF:7D:D1
343,80:2A:A8:AF:7F:E7
344,80:2A:A8:AF:7F:E8
345,80:2A:A8:AF:89:56
346,80:2A:A8:AF:89:75
347,80:2A:A8:AF:89:9A
348,80:2A:A8:AF:8A:65
349,80:2A:A8:AF:8A:BF
350,80:2A:A8:B3:21:B5
351,80:2A:A8:B3:25:57
352,80:2A:A8:B3:29:81
353,80:2A:A8:B3:2F:36
354,80:2A:A8:B3:38:C5
355,80:2A:A8:B3:39:55
356,80:2A:A8:B3:39:9B
357,80:2A:A8:B3:39:A2
358,80:2A:A8:B3:3A:04
359,80:2A:A8:B3:CB:1D
360,80:2A:A8:B3:CB:3D
361,80:2A:A8:B3:CB:43
362,80:2A:A8:E3:74:80
363,80:2A:A8:E3:74:D9
364,80:2A:A8:E3:75:F6
365,80:2A:A8:E3:76:46
366,80:2A:A8:E5:A8:C8
367,80:2A:A8:E5:A9:12
368,80:2A:A8:E5:A9:56
369,80:2A:A8:E5:A9:5B
370,80:2A:A8:E5:A9:CA
371,80:2A:A8:E5:AC:1F
372,80:2A:A8:E5:AD:64
373,DC:9F:DB:4D:39:9A
374,DC:9F:DB:E3:C8:FF
375,E4:8D:8C:47:BF:86
376,E4:8D:8C:56:3E:1A
377,E4:8D:8C:62:44:1C
378,E4:8D:8C:63:10:44
379,E4:8D:8C:ED:76:38
380,E4:8D:8C:EF:4B:78
