0,Fly1003
1,Fly101
2,Fly1014
3,Fly1015
4,Fly1033
5,Fly1048
6,Fly1057
7,Fly1068
8,Fly107
9,Fly1079
10,Fly1085
11,Fly1091
12,Fly1092
13,Fly1096
14,Fly1101
15,Fly1113
16,Fly1116
17,Fly1119
18,Fly1123
19,Fly1128
20,Fly1130
21,Fly1131
22,Fly1133
23,Fly1158
24,Fly1171
25,Fly1172
26,Fly1184
27,Fly1192
28,Fly1204
29,Fly1205
30,Fly1215
31,Fly1229
32,Fly1230
33,Fly1232
34,Fly1233
35,Fly1234
36,Fly1238
37,Fly1243
38,Fly1245
39,Fly1249
40,Fly1252
41,Fly1254
42,Fly1258
43,Fly1270
44,Fly1278
45,Fly1279
46,Fly1288
47,Fly129
48,Fly1290
49,Fly1294
50,Fly13
51,Fly1300
52,Fly1304
53,Fly1308
54,Fly1328
55,Fly1335
56,Fly1336
57,Fly1338
58,Fly1352
59,Fly1368
60,Fly1377
61,Fly138
62,Fly1397
63,Fly1400
64,Fly1402
65,Fly1407
66,Fly1409
67,Fly141
68,Fly1413
69,Fly1417
70,Fly1428
71,Fly1435
72,Fly1444
73,Fly1445
74,Fly1446
75,Fly1452
76,Fly1453
77,Fly1454
78,Fly1456
79,Fly1461
80,Fly1466
81,Fly1469
82,Fly1470
83,Fly1479
84,Fly1481
85,Fly150
86,Fly1500
87,Fly1502
88,Fly1513
89,Fly1528
90,Fly1532
91,Fly1533
92,Fly1537
93,Fly1541
94,Fly1545
95,Fly1549
96,Fly1552
97,Fly1560
98,Fly1563
99,Fly1566
100,Fly1567
101,Fly1570
102,Fly1571
103,Fly1580
104,Fly1583
105,Fly1587
106,Fly1592
107,Fly1597
108,Fly1598
109,Fly1603
110,Fly1604
111,Fly1606
112,Fly161
113,Fly162
114,Fly1621
115,Fly1625
116,Fly1627
117,Fly1628
118,Fly164
119,Fly1645
120,Fly1648
121,Fly1654
122,Fly1655
123,Fly1661
124,Fly1662
125,Fly1664
126,Fly1666
127,Fly1667
128,Fly1671
129,Fly1672
130,Fly1675
131,Fly1677
132,Fly1681
133,Fly1684
134,Fly1686
135,Fly1689
136,Fly1690
137,Fly1691
138,Fly1692
139,Fly1696
140,Fly1697
141,Fly1702
142,Fly1707
143,Fly171
144,Fly1718
145,Fly1731
146,Fly1733
147,Fly1743
148,Fly1744
149,Fly1746
150,Fly1753
151,Fly1756
152,Fly1760
153,Fly1761
154,Fly1767
155,Fly1770
156,Fly1771
157,Fly1778
158,Fly1783
159,Fly1791
160,Fly1792
161,Fly1794
162,Fly1795
163,Fly1796
164,Fly1801
165,Fly1804
166,Fly1806
167,Fly1807
168,Fly1811
169,Fly1818
170,Fly1821
171,Fly1822
172,Fly1823
173,Fly1825
174,Fly1834
175,Fly1835
176,Fly1836
177,Fly1839
178,Fly1843
179,Fly1845
180,Fly1847
181,Fly1853
182,Fly1854
183,Fly1856
184,Fly1857
185,Fly1861
186,Fly1865
187,Fly1874
188,Fly1876
189,Fly1880
190,Fly1882
191,Fly1890
192,Fly1900
193,Fly1903
194,Fly1907
195,Fly1912
196,Fly1913
197,Fly1915
198,Fly1916
199,Fly1917
200,Fly1919
201,Fly1920
202,Fly1922
203,Fly1923
204,Fly1924
205,Fly1928
206,Fly1930
207,Fly1932
208,Fly1933
209,Fly1936
210,Fly1938
211,Fly1945
212,Fly1946
213,Fly1948
214,Fly1949
215,Fly1952
216,Fly1953
217,Fly1956
218,Fly1960
219,Fly1962
220,Fly1963
221,Fly1967
222,Fly1971
223,Fly1972
224,Fly1978
225,Fly1980
226,Fly1981
227,Fly1984
228,Fly1985
229,Fly1989
230,Fly1990
231,Fly1992
232,Fly1993
233,Fly1996
234,Fly1997
235,Fly2000
236,Fly2001
237,Fly2002
238,Fly2004
239,Fly2007
240,Fly2009
241,Fly2012
242,Fly2013
243,Fly2016
244,Fly2017
245,Fly2019
246,Fly2020
247,Fly2021
248,Fly2022
249,Fly2023
250,Fly2026
251,Fly2027
252,Fly2028
253,Fly2029
254,Fly2031
255,Fly2035
256,Fly2038
257,Fly2040
258,Fly2043
259,Fly2044
260,Fly2045
261,Fly2046
262,Fly2047
263,Fly2048
264,Fly205
265,Fly2051
266,Fly2053
267,Fly2054
268,Fly2057
269,Fly2060
270,Fly2063
271,Fly2067
272,Fly2068
273,Fly2069
274,Fly208
275,Fly212
276,Fly213
277,Fly220
278,Fly226
279,Fly227
280,Fly246
281,Fly280
282,Fly294
283,Fly301
284,Fly303
285,Fly325
286,Fly340
287,Fly345
288,Fly351
289,Fly361
290,Fly365
291,Fly411
292,Fly413
293,Fly414
294,Fly424
295,Fly432
296,Fly433
297,Fly440
298,Fly450
299,Fly46
300,Fly460
301,Fly462
302,Fly48
303,Fly503
304,Fly516
305,Fly520
306,Fly521
307,Fly533
308,Fly544
309,Fly549
310,Fly560
311,Fly564
312,Fly575
313,Fly581
314,Fly597
315,Fly605
316,Fly616
317,Fly621
318,Fly624
319,Fly625
320,Fly645
321,Fly653
322,Fly662
323,Fly666
324,Fly667
325,Fly668
326,Fly673
327,Fly68
328,Fly687
329,Fly692
330,Fly696
331,Fly700
332,Fly703
333,Fly704
334,Fly711
335,Fly712
336,Fly714
337,Fly718
338,Fly726
339,Fly731
340,Fly735
341,Fly745
342,Fly754
343,Fly760
344,Fly766
345,Fly787
346,Fly79
347,Fly85
348,Fly866
349,Fly867
350,Fly873
351,Fly877
352,Fly884
353,Fly888
354,Fly891
355,Fly892
356,Fly898
357,Fly920
358,Fly943
359,Fly947
360,Fly948
361,Fly96
362,Fly960
363,Fly966
364,Fly967
365,Fly981
